{"MAE": 0.8097455581745353, "RMSE": 1.1397539516376558, "R2": 0.1871380831306536}