{"MAE": 1.8899548202599572, "RMSE": 2.3732040904276386, "R2": 0.5057049868317947}