{"MAE": 0.6511734799669674, "RMSE": 0.8793769201428279, "R2": 0.3599856821024775}