{"MAE": 1.2871554491786077, "RMSE": 1.6633679011060403, "R2": 0.1826746609470331}