{"MAE": 0.6121429895717977, "RMSE": 0.9359376873295744, "R2": 0.2603164182715555}