{"MAE": 0.6010013072699916, "RMSE": 0.7714220889462289, "R2": 0.5375661035850938}