{"MAE": 0.6583792503707251, "RMSE": 0.8838283711324187, "R2": 0.3534897116580724}