{"MAE": 1.294423256746105, "RMSE": 1.6635361956320625, "R2": 0.1825092635758726}