{"MAE": 0.8381026040635287, "RMSE": 1.1139632618863553, "R2": 0.22350922557103525}