{"MAE": 1.8162105592882885, "RMSE": 2.3112494749160626, "R2": 0.5311761429083166}