{"MAE": 1.6262146217507474, "RMSE": 2.5611326302309525, "R2": 0.4053342558669687}