{"MAE": 0.9604121398518521, "RMSE": 1.2122256139951897, "R2": 0.6343599291026675}